target_image_url,overall_score,original_description,suggested_description
image_output_zane/before_debate/before_debate_0.png,5,A painting of a dog and a cat fighting at the boxing ring,"A dog and a cat in a boxing ring surrounded by soft floral backgrounds to enhance the scene, in the style of {}. Soft watercolor style with muted colors, gentle lighting, and smooth color transitions to create an ethereal feel."
image_output_zane/before_debate/before_debate_0.png,8/10,A painting of a dog and a cat fighting at the boxing ring,"A boxing ring featuring a dog and a cat playfully fighting, with ropes and a referee to enhance the scene, in the style of {}. Monochromatic palette with pencil strokes for texture and strong contrasts to create depth."
image_output_zane/before_debate/before_debate_0.png,8/10,A painting of a dog and a cat fighting at the boxing ring,"A dog and cat in an engaging fight stance at a boxing ring, focusing on their action, in the style of {}. Soft color palette with muted tones and textured brushwork to create a balanced look."
image_output_zane/before_debate/before_debate_0.png,Improvement Needed,A painting of a dog and a cat fighting at the boxing ring,"Set in a boxing ring featuring a dog and a cat in fighting poses, in the style of {}. Dynamic and bold with strong contrasts, reflecting a competitive boxing match atmosphere."
image_output_zane/before_debate/before_debate_0.png,8/10,A painting of a dog and a cat fighting at the boxing ring,"A boxing ring setting featuring a dog and cat playfully fighting, with ropes and a referee present, creating focus on the central action, in the style of {}. Soft, muted colors with a stippling technique, resembling Pointillism, emphasizing texture and light transitions."
image_output_zane/before_debate/before_debate_0.png,8,A painting of a dog and a cat fighting at the boxing ring,"Include boxing props like a referee and a boxing bell, focusing on the dog and cat in the ring, in the style of {}. A playful and vibrant color palette with expressive brushwork, capturing dynamic action and emotion."
image_output_zane/before_debate/before_debate_0.png,7/10,A painting of a dog and a cat fighting at the boxing ring,"A boxing ring scene featuring a dog and a cat in combat, with ropes and a simple floor for focus, in the style of {}. Dynamic and energetic, with strong lines and accentuated movement, using muted earth tones."
image_output_zane/before_debate/before_debate_0.png,8/10,A painting of a dog and a cat fighting at the boxing ring,"A boxing ring setting emphasizing the fight between two animals, capturing their intense expressions and stances, in the style of {}. Dynamic and bold with aggressive poses, using strong colors to reflect conflict, and a focus on impressionistic brush strokes."
image_output_zane/before_debate/before_debate_0.png,8/10,A painting of a dog and a cat fighting at the boxing ring,"A quiet scene depicting daily life with cats and dogs interacting calmly in a natural setting, in the style of {}. Impressionist style with muted tones, visible brushstrokes, and soft lighting to create a textured, serene atmosphere."
image_output_zane/before_debate/before_debate_0.png,8/10,A painting of a dog and a cat fighting at the boxing ring,"A vibrant boxing ring scene featuring a dog and a cat fighting, with clear ropes and a referee for clarity, in the style of {}. Cubist-inspired, with geometric shapes, varied muted and bold colors, dynamic lighting, and multiple perspectives for depth."
